-- phpMyAdmin SQL Dump
-- version 5.1.1
-- https://www.phpmyadmin.net/
--
-- Host: 127.0.0.1
-- Generation Time: Dec 19, 2021 at 08:45 AM
-- Server version: 10.4.22-MariaDB
-- PHP Version: 7.3.33

SET SQL_MODE = "NO_AUTO_VALUE_ON_ZERO";
START TRANSACTION;
SET time_zone = "+00:00";


/*!40101 SET @OLD_CHARACTER_SET_CLIENT=@@CHARACTER_SET_CLIENT */;
/*!40101 SET @OLD_CHARACTER_SET_RESULTS=@@CHARACTER_SET_RESULTS */;
/*!40101 SET @OLD_COLLATION_CONNECTION=@@COLLATION_CONNECTION */;
/*!40101 SET NAMES utf8mb4 */;

--
-- Database: `avani_shop`
--

-- --------------------------------------------------------

--
-- Table structure for table `categorys`
--

CREATE TABLE `categorys` (
  `id` int(11) NOT NULL,
  `name` varchar(255) NOT NULL,
  `description` text DEFAULT NULL
) ENGINE=InnoDB DEFAULT CHARSET=utf8mb4;

--
-- Dumping data for table `categorys`
--

INSERT INTO `categorys` (`id`, `name`, `description`) VALUES
(1, 'Đồng hồ', NULL),
(2, 'Vòng tay', NULL),
(3, 'Dây đeo tay', NULL),
(4, 'Dây chuyền', NULL);

-- --------------------------------------------------------

--
-- Table structure for table `colors`
--

CREATE TABLE `colors` (
  `id` int(11) NOT NULL,
  `id_product` bigint(20) NOT NULL,
  `name` varchar(255) NOT NULL,
  `code` varchar(255) NOT NULL,
  `img` varchar(255) NOT NULL
) ENGINE=InnoDB DEFAULT CHARSET=utf8mb4;

--
-- Dumping data for table `colors`
--

INSERT INTO `colors` (`id`, `id_product`, `name`, `code`, `img`) VALUES
(1, 1, 'Vàng', '#FFFF00', 'a.jpg'),
(2, 1, 'Xanh', '#FFFF00', 'b.jpg'),
(3, 2, 'Vàng', '#FFFF00', 'c.jpg'),
(4, 2, 'Xanh', '#FFFF00', 'd.jpg'),
(5, 5, 'Vàng', '#FFFF00', 'e.jpg'),
(6, 6, 'Vàng', '#FFFF00', 'g.jpg'),
(7, 7, 'Vàng', '#FFFF00', 'h.jpg'),
(8, 8, 'Vàng', '#FFFF00', 'i.jpg'),
(9, 9, 'Vàng', '#FFFF00', 'b.jpg'),
(10, 10, 'Vàng', '#FFFF00', 'b.jpg'),
(11, 11, 'Vàng', '#FFFF00', 'b.jpg'),
(12, 12, 'Vàng', '#FFFF00', 'b.jpg'),
(13, 13, 'Vàng', '#FFFF00', 'b.jpg'),
(14, 14, 'Vàng', '#FFFF00', 'b.jpg'),
(15, 15, 'Vàng', '#FFFF00', 'b.jpg'),
(16, 16, 'Vàng', '#FFFF00', 'b.jpg'),
(17, 17, 'Vàng', '#FFFF00', 'b.jpg'),
(18, 18, 'Vàng', '#FFFF00', 'b.jpg'),
(19, 19, 'Vàng', '#FFFF00', 'b.jpg'),
(20, 20, 'Vàng', '#FFFF00', 'b.jpg'),
(21, 21, 'Vàng', '#FFFF00', 'b.jpg'),
(22, 22, 'Vàng', '#FFFF00', 'b.jpg'),
(23, 23, 'Vàng', '#FFFF00', 'b.jpg'),
(24, 24, 'Vàng', '#FFFF00', 'b.jpg'),
(25, 25, 'Vàng', '#FFFF00', 'b.jpg');

-- --------------------------------------------------------

--
-- Table structure for table `menus`
--

CREATE TABLE `menus` (
  `id` int(11) NOT NULL,
  `name` varchar(255) NOT NULL,
  `url` varchar(255) DEFAULT NULL
) ENGINE=InnoDB DEFAULT CHARSET=utf8mb4;

--
-- Dumping data for table `menus`
--

INSERT INTO `menus` (`id`, `name`, `url`) VALUES
(1, 'Trang Chủ', NULL),
(2, 'Sản Phẩm', NULL),
(3, 'So Sánh', NULL),
(4, 'Giỏ Hàng', NULL),
(5, 'Bài Viết', NULL),
(6, 'Liên Hệ', NULL);

-- --------------------------------------------------------

--
-- Table structure for table `products`
--

CREATE TABLE `products` (
  `id` bigint(20) NOT NULL,
  `id_category` int(11) NOT NULL,
  `sizes` varchar(255) NOT NULL,
  `name` varchar(255) NOT NULL,
  `price` double NOT NULL,
  `sale` int(3) NOT NULL,
  `title` varchar(255) NOT NULL,
  `highlight` tinyint(1) NOT NULL,
  `new_product` tinyint(1) NOT NULL,
  `details` longtext NOT NULL,
  `created_at` datetime NOT NULL,
  `updated_at` datetime NOT NULL
) ENGINE=InnoDB DEFAULT CHARSET=utf8mb4;

--
-- Dumping data for table `products`
--

INSERT INTO `products` (`id`, `id_category`, `sizes`, `name`, `price`, `sale`, `title`, `highlight`, `new_product`, `details`, `created_at`, `updated_at`) VALUES
(1, 1, 'L,S,M', 'Manicure & Pedicure', 200000, 0, 'tital', 1, 1, 'details', '2020-04-09 11:38:43', '2020-04-09 11:38:43'),
(2, 1, 'L,S,M', 'Manicure & Pedicure', 200000, 0, 'tital', 1, 1, 'details', '2020-04-09 11:38:43', '2020-04-09 11:38:43'),
(3, 1, 'L,S,M', 'Name', 200000, 0, 'tital', 1, 1, 'details', '2020-04-09 11:38:43', '2020-04-09 11:38:43'),
(4, 1, 'L,S,M', 'Name', 200000, 0, 'tital', 1, 1, 'details', '2020-04-09 11:38:43', '2020-04-09 11:38:43'),
(5, 1, 'L,S,M', 'Name', 200000, 0, 'tital', 1, 1, 'details', '2020-04-09 11:38:43', '2020-04-09 11:38:43'),
(6, 1, 'L,S,M', 'Name', 200000, 0, 'tital', 1, 1, 'details', '2020-04-09 11:38:43', '2020-04-09 11:38:43'),
(7, 1, 'L,S,M', 'Name', 200000, 0, 'tital', 1, 1, 'details', '2020-04-09 11:38:43', '2020-04-09 11:38:43'),
(8, 1, 'L,S,M', 'Name', 200000, 0, 'tital', 1, 1, 'details', '2020-04-09 11:38:43', '2020-04-09 11:38:43'),
(9, 1, 'L,S,M', 'Name', 200000, 0, 'tital', 1, 1, 'details', '2020-04-09 11:38:43', '2020-04-09 11:38:43'),
(10, 1, 'L,S,M', 'Name', 200000, 0, 'tital', 1, 1, 'details', '2020-04-09 11:38:43', '2020-04-09 11:38:43'),
(11, 1, 'L,S,M', 'Name', 200000, 0, 'tital', 1, 1, 'details', '2020-04-09 11:38:43', '2020-04-09 11:38:43'),
(12, 1, 'L,S,M', 'Name', 200000, 0, 'tital', 1, 1, 'details', '2020-04-09 11:38:43', '2020-04-09 11:38:43'),
(13, 1, 'L,S,M', 'Name', 200000, 0, 'tital', 1, 1, 'details', '2020-04-09 11:38:43', '2020-04-09 11:38:43'),
(14, 1, 'L,S,M', 'Name', 200000, 0, 'tital', 1, 1, 'details', '2020-04-09 11:38:43', '2020-04-09 11:38:43'),
(15, 1, 'L,S,M', 'Name', 200000, 0, 'tital', 1, 1, 'details', '2020-04-09 11:38:43', '2020-04-09 11:38:43'),
(16, 1, 'L,S,M', 'Name', 200000, 0, 'tital', 1, 1, 'details', '2020-04-09 11:38:43', '2020-04-09 11:38:43'),
(17, 1, 'L,S,M', 'Name', 200000, 0, 'tital', 1, 1, 'details', '2020-04-09 11:38:43', '2020-04-09 11:38:43'),
(18, 1, 'L,S,M', 'Name', 200000, 0, 'tital', 1, 1, 'details', '2020-04-09 11:38:43', '2020-04-09 11:38:43'),
(19, 1, 'L,S,M', 'Name', 200000, 0, 'tital', 1, 1, 'details', '2020-04-09 11:38:43', '2020-04-09 11:38:43'),
(20, 1, 'L,S,M', 'Name', 200000, 0, 'tital', 1, 1, 'details', '2020-04-09 11:38:43', '2020-04-09 11:38:43'),
(21, 1, 'L,S,M', 'Name', 200000, 0, 'tital', 1, 1, 'details', '2020-04-09 11:38:43', '2020-04-09 11:38:43'),
(22, 1, 'L,S,M', 'Name', 200000, 0, 'tital', 1, 1, 'details', '2020-04-09 11:38:43', '2020-04-09 11:38:43'),
(23, 1, 'L,S,M', 'Name', 200000, 0, 'tital', 1, 1, 'details', '2020-04-09 11:38:43', '2020-04-09 11:38:43'),
(24, 1, 'L,S,M', 'Name', 200000, 0, 'tital', 1, 1, 'details', '2020-04-09 11:38:43', '2020-04-09 11:38:43'),
(25, 1, 'L,S,M', 'Name', 200000, 0, 'tital', 1, 1, 'details', '2020-04-09 11:38:43', '2020-04-09 11:38:43'),
(26, 1, 'L,S,M', 'Name', 200000, 0, 'tital', 1, 1, 'details', '2020-04-09 11:38:43', '2020-04-09 11:38:43'),
(27, 1, 'L,S,M', 'Name', 200000, 0, 'tital', 1, 1, 'details', '2020-04-09 11:38:43', '2020-04-09 11:38:43'),
(28, 1, 'L,S,M', 'Name', 200000, 0, 'tital', 1, 1, 'details', '2020-04-09 11:38:43', '2020-04-09 11:38:43');

-- --------------------------------------------------------

--
-- Table structure for table `slides`
--

CREATE TABLE `slides` (
  `id` int(11) NOT NULL,
  `img` varchar(255) NOT NULL,
  `caption` varchar(255) NOT NULL,
  `content` varchar(255) NOT NULL
) ENGINE=InnoDB DEFAULT CHARSET=utf8mb4;

--
-- Dumping data for table `slides`
--

INSERT INTO `slides` (`id`, `img`, `caption`, `content`) VALUES
(1, 'carousel1.png', 'hình ảnh slide 1 ', 'Highly Google seo friendly'),
(2, 'carousel3.png', 'hình ảnh slide 2', 'Highly Google seo friendly'),
(3, 'bootstrap-templates.png', 'hình ảnh slide 3', 'Compitable to many more opensource cart'),
(4, 'bootstrap_free-ecommerce.png', 'hình ảnh slide 4 ', 'hihi');

--
-- Indexes for dumped tables
--

--
-- Indexes for table `categorys`
--
ALTER TABLE `categorys`
  ADD PRIMARY KEY (`id`);

--
-- Indexes for table `colors`
--
ALTER TABLE `colors`
  ADD PRIMARY KEY (`id`),
  ADD KEY `id_product` (`id_product`);

--
-- Indexes for table `menus`
--
ALTER TABLE `menus`
  ADD PRIMARY KEY (`id`);

--
-- Indexes for table `products`
--
ALTER TABLE `products`
  ADD PRIMARY KEY (`id`),
  ADD KEY `id_category` (`id_category`);

--
-- Indexes for table `slides`
--
ALTER TABLE `slides`
  ADD PRIMARY KEY (`id`);

--
-- AUTO_INCREMENT for dumped tables
--

--
-- AUTO_INCREMENT for table `categorys`
--
ALTER TABLE `categorys`
  MODIFY `id` int(11) NOT NULL AUTO_INCREMENT, AUTO_INCREMENT=5;

--
-- AUTO_INCREMENT for table `colors`
--
ALTER TABLE `colors`
  MODIFY `id` int(11) NOT NULL AUTO_INCREMENT, AUTO_INCREMENT=26;

--
-- AUTO_INCREMENT for table `menus`
--
ALTER TABLE `menus`
  MODIFY `id` int(11) NOT NULL AUTO_INCREMENT, AUTO_INCREMENT=7;

--
-- AUTO_INCREMENT for table `products`
--
ALTER TABLE `products`
  MODIFY `id` bigint(20) NOT NULL AUTO_INCREMENT, AUTO_INCREMENT=29;

--
-- AUTO_INCREMENT for table `slides`
--
ALTER TABLE `slides`
  MODIFY `id` int(11) NOT NULL AUTO_INCREMENT, AUTO_INCREMENT=5;

--
-- Constraints for dumped tables
--

--
-- Constraints for table `colors`
--
ALTER TABLE `colors`
  ADD CONSTRAINT `colors_ibfk_1` FOREIGN KEY (`id_product`) REFERENCES `products` (`id`) ON DELETE CASCADE ON UPDATE CASCADE;

--
-- Constraints for table `products`
--
ALTER TABLE `products`
  ADD CONSTRAINT `products_ibfk_1` FOREIGN KEY (`id_category`) REFERENCES `categorys` (`id`) ON DELETE CASCADE ON UPDATE CASCADE;
COMMIT;

/*!40101 SET CHARACTER_SET_CLIENT=@OLD_CHARACTER_SET_CLIENT */;
/*!40101 SET CHARACTER_SET_RESULTS=@OLD_CHARACTER_SET_RESULTS */;
/*!40101 SET COLLATION_CONNECTION=@OLD_COLLATION_CONNECTION */;
